{
  "pr_auc_train": 0.4001795441515082,
  "pr_auc_val": 0.16663036914739587,
  "pr_auc_test": 0.1319968910761107,
  "n_cols": 20,
  "rows": 216003,
  "pos_rate_test": 0.04030739791981729,
  "tau": 0.87,
  "onnx_xgb_max_abs_diff": 3.3993273973464966e-08
}